acceleration,224052380,46.272694,-3.3546717
acceleration,224052380,46.2727,-3.354625


acceleration,224052380,46.27332,-3.3568633
acceleration,224052380,46.27332,-3.3568633


acceleration,227143600,47.065228,-2.922005
acceleration,227143600,47.065186,-2.9221117


acceleration,228131600,46.27222,-2.5808933
acceleration,228131600,46.27252,-2.5813317


acceleration,228209700,46.39953,-2.3986416
acceleration,228209700,46.399555,-2.3984816


acceleration,227005270,47.28936,-2.1649482
acceleration,227005270,47.28895,-2.1657217


acceleration,228209700,46.37047,-2.3588216
acceleration,228209700,46.370346,-2.3587234


acceleration,228364000,47.056255,-3.0579267
acceleration,228364000,47.05611,-3.0578833


acceleration,228364000,47.05542,-3.0574417
acceleration,228364000,47.05533,-3.057395


acceleration,228301900,46.707268,-2.65232
acceleration,228301900,46.7073,-2.6523032


acceleration,226150000,46.660645,-2.3964734
acceleration,226150000,46.660473,-2.3960333


acceleration,227730220,48.356613,-4.5099616
acceleration,227730220,48.35754,-4.5068684


acceleration,227730220,48.36828,-4.4876366
acceleration,227730220,48.36809,-4.487465


acceleration,227730220,48.367897,-4.487375
acceleration,227730220,48.36774,-4.48749


acceleration,227730220,48.36742,-4.4878683
acceleration,227730220,48.367268,-4.4877768


acceleration,228051000,48.379967,-4.4836316
acceleration,228051000,48.380146,-4.48384


acceleration,227730220,48.32909,-4.58769
acceleration,227730220,48.32932,-4.586625


acceleration,227730220,48.32932,-4.586625
acceleration,227730220,48.33034,-4.583238


acceleration,227730220,48.341187,-4.47367
acceleration,227730220,48.341232,-4.4735165


acceleration,227730220,48.341106,-4.472968
acceleration,227730220,48.341423,-4.4729867


acceleration,227730220,48.341423,-4.4729867
acceleration,227730220,48.3418,-4.4730134


acceleration,227730220,48.3418,-4.4730134
acceleration,227730220,48.34234,-4.4731965


acceleration,227730220,48.34234,-4.4731965
acceleration,227730220,48.342888,-4.473457


acceleration,227730220,48.380714,-4.4869184
acceleration,227730220,48.380527,-4.486665


acceleration,227730220,48.31226,-4.636135
acceleration,227730220,48.312397,-4.6356416


acceleration,227730220,48.33703,-4.5902286
acceleration,227730220,48.336987,-4.589558


acceleration,227730220,48.33714,-4.5890117
acceleration,227730220,48.337467,-4.5883036


acceleration,227730220,48.342293,-4.5716867
acceleration,227730220,48.34228,-4.571262


acceleration,227730220,48.34228,-4.571262
acceleration,227730220,48.342285,-4.5710216


acceleration,227730220,48.342285,-4.5710216
acceleration,227730220,48.342476,-4.569462


acceleration,227730220,48.345913,-4.558797
acceleration,227730220,48.34617,-4.5580716


acceleration,228051000,48.36034,-4.50331
acceleration,228051000,48.360313,-4.502985


acceleration,227730220,48.378,-4.484805
acceleration,227730220,48.37794,-4.4848685


acceleration,227730220,48.37797,-4.4848485
acceleration,227730220,48.378048,-4.4846168


acceleration,228051000,48.383247,-4.477475
acceleration,228051000,48.382988,-4.4777584


acceleration,228051000,48.380054,-4.4833517
acceleration,228051000,48.380188,-4.4836717


acceleration,227574020,48.295513,-4.511405
acceleration,227574020,48.295494,-4.5107284


acceleration,227580520,48.284664,-4.4142365
acceleration,227580520,48.28492,-4.414265


acceleration,227580520,48.28492,-4.414265
acceleration,227580520,48.285366,-4.414272


acceleration,227592820,48.303524,-4.4903865
acceleration,227592820,48.304012,-4.49017


acceleration,227592820,48.304012,-4.49017
acceleration,227592820,48.304993,-4.4898467


acceleration,227705102,48.2961,-4.5110316
acceleration,227705102,48.296146,-4.5104485


acceleration,227635210,48.37015,-4.5109234
acceleration,227635210,48.37026,-4.5108085


acceleration,227592820,48.30372,-4.490782
acceleration,227592820,48.304214,-4.4904685


acceleration,227730220,48.380634,-4.486932
acceleration,227730220,48.38046,-4.486495


acceleration,227145700,47.966915,-4.6899285
acceleration,227145700,47.96696,-4.68993


acceleration,227730220,48.31636,-4.641405
acceleration,227730220,48.31658,-4.6411567


acceleration,227730220,48.31741,-4.6400332
acceleration,227730220,48.317566,-4.6397467


acceleration,227730220,48.317566,-4.6397467
acceleration,227730220,48.31781,-4.639273


acceleration,227730220,48.31781,-4.639273
acceleration,227730220,48.318077,-4.6387515


acceleration,227730220,48.318077,-4.6387515
acceleration,227730220,48.31842,-4.638173


acceleration,227730220,48.318974,-4.637135
acceleration,227730220,48.31926,-4.63665


acceleration,227730220,48.324028,-4.629637
acceleration,227730220,48.32418,-4.629275


acceleration,227730220,48.324387,-4.628925
acceleration,227730220,48.32452,-4.6285415


acceleration,227730220,48.324905,-4.6276417
acceleration,227730220,48.32508,-4.627245


acceleration,227730220,48.32508,-4.627245
acceleration,227730220,48.325314,-4.626615


acceleration,227730220,48.325813,-4.6253185
acceleration,227730220,48.32593,-4.6249886


acceleration,227145700,47.9703,-4.690655
acceleration,227145700,47.970352,-4.6906567


acceleration,227730220,48.331413,-4.610172
acceleration,227730220,48.33169,-4.6093817


acceleration,227730220,48.342392,-4.578318
acceleration,227730220,48.342663,-4.5775685


acceleration,227145700,47.974552,-4.6919785
acceleration,227145700,47.974606,-4.6920066


acceleration,227145700,47.975792,-4.692395
acceleration,227145700,47.975838,-4.692438


acceleration,227145700,47.980568,-4.694485
acceleration,227145700,47.980633,-4.6944985


acceleration,227730220,48.35422,-4.52554
acceleration,227730220,48.35433,-4.5248985


acceleration,227145700,47.981052,-4.694677
acceleration,227145700,47.981102,-4.694705


acceleration,227145700,47.981644,-4.6948915
acceleration,227145700,47.98168,-4.694852


acceleration,227145700,47.98229,-4.6951666
acceleration,227145700,47.98233,-4.69524


acceleration,227730220,48.356014,-4.5095634
acceleration,227730220,48.357067,-4.50585


acceleration,227145700,47.9833,-4.69572
acceleration,227145700,47.98334,-4.6957417


acceleration,227145700,47.984455,-4.6963367
acceleration,227145700,47.984505,-4.6963835


acceleration,227145700,47.985138,-4.6967316
acceleration,227145700,47.98522,-4.696787


acceleration,227145700,47.985287,-4.6968164
acceleration,227145700,47.98535,-4.696885


acceleration,227145700,47.98657,-4.6972265
acceleration,227145700,47.98666,-4.697232


acceleration,227145700,47.98786,-4.6985035
acceleration,227145700,47.988018,-4.6985817


acceleration,227145700,47.994694,-4.7115717
acceleration,227145700,47.99496,-4.7121434


acceleration,227705102,48.2847,-4.414945
acceleration,227705102,48.285908,-4.414625


acceleration,227145700,48.026714,-4.7706165
acceleration,227145700,48.026962,-4.7710667


acceleration,227145700,48.029045,-4.7742634
acceleration,227145700,48.029373,-4.774775


acceleration,227145700,48.039143,-4.7878017
acceleration,227145700,48.03954,-4.7882833


acceleration,227145700,48.04669,-4.7985783
acceleration,227145700,48.046955,-4.799075


acceleration,227705102,48.29638,-4.512475
acceleration,227705102,48.29624,-4.512235


acceleration,227705102,48.29586,-4.511375
acceleration,227705102,48.295986,-4.51072


acceleration,227705102,48.295986,-4.51072
acceleration,227705102,48.29612,-4.5097365


acceleration,227145700,48.060326,-4.8371534
acceleration,227145700,48.060513,-4.8377085


acceleration,227730220,48.3654,-4.482508
acceleration,227730220,48.36518,-4.4824967


acceleration,227730220,48.355793,-4.5094
acceleration,227730220,48.356056,-4.508745


acceleration,227730220,48.356056,-4.508745
acceleration,227730220,48.356205,-4.5079184


acceleration,227730220,48.356205,-4.5079184
acceleration,227730220,48.357254,-4.504025


acceleration,227145700,48.08429,-4.9133167
acceleration,227145700,48.084454,-4.9137836


acceleration,227145700,48.09139,-4.933605
acceleration,227145700,48.09159,-4.934048


acceleration,227145700,48.09722,-4.9527435
acceleration,227145700,48.09736,-4.953175


acceleration,227145700,48.0995,-4.9619465
acceleration,227145700,48.099625,-4.9624834


acceleration,227145700,48.105675,-4.9852066
acceleration,227145700,48.105824,-4.9856133


acceleration,227145700,48.10805,-4.99411
acceleration,227145700,48.108192,-4.994652


acceleration,305600000,47.809834,-4.938165
acceleration,305600000,47.810165,-4.938832


acceleration,305600000,47.846333,-5.0068316
acceleration,305600000,47.84667,-5.007332


acceleration,228064900,48.16844,-4.873172
acceleration,228064900,48.168316,-4.8724365


acceleration,305600000,47.8565,-5.025165
acceleration,305600000,47.856667,-5.025665


acceleration,305600000,47.857834,-5.027665
acceleration,305600000,47.858,-5.028165


acceleration,305600000,47.86,-5.031665
acceleration,305600000,47.860332,-5.032165


acceleration,305600000,47.867,-5.0444984
acceleration,305600000,47.867332,-5.044998


acceleration,305600000,47.870667,-5.050832
acceleration,305600000,47.871,-5.0513315


acceleration,305600000,47.871834,-5.0528316
acceleration,305600000,47.872,-5.053165


acceleration,305600000,47.874,-5.056665
acceleration,305600000,47.874332,-5.0573316


acceleration,305600000,47.879833,-5.066665
acceleration,305600000,47.880165,-5.067332


acceleration,305600000,47.880665,-5.0683317
acceleration,305600000,47.881,-5.0688314


acceleration,305600000,47.8815,-5.069832
acceleration,305600000,47.881832,-5.0703316


acceleration,305600000,47.8985,-5.099165
acceleration,305600000,47.898834,-5.0994983


acceleration,305600000,47.9125,-5.122665
acceleration,305600000,47.912834,-5.123165


acceleration,305600000,47.915,-5.126498
acceleration,305600000,47.915165,-5.1269984


acceleration,305600000,47.928665,-5.1493316
acceleration,305600000,47.929,-5.149832


acceleration,228064900,48.125668,-4.4928
acceleration,228064900,48.125687,-4.492535


acceleration,227705102,48.296383,-4.5125084
acceleration,227705102,48.296303,-4.512348


acceleration,227705102,48.29576,-4.5112514
acceleration,227705102,48.295986,-4.5108333


acceleration,227705102,48.295986,-4.5108333
acceleration,227705102,48.296104,-4.510103


acceleration,227635210,48.295815,-4.5104733
acceleration,227635210,48.295948,-4.5102367


acceleration,227635210,48.295948,-4.5102367
acceleration,227635210,48.296047,-4.5098314


acceleration,227635210,48.30683,-4.490198
acceleration,227635210,48.30729,-4.49014


acceleration,228064900,48.12947,-4.4532285
acceleration,228064900,48.129517,-4.4527783


acceleration,227580520,48.284622,-4.41437
acceleration,227580520,48.28485,-4.4144783


acceleration,227580520,48.28485,-4.4144783
acceleration,227580520,48.285748,-4.4144616


acceleration,227635210,48.38156,-4.4974084
acceleration,227635210,48.381634,-4.497305


acceleration,228064900,48.135925,-4.4384465
acceleration,228064900,48.135895,-4.4386783


acceleration,228208800,48.12565,-4.425815
acceleration,228208800,48.12571,-4.426305


acceleration,228302900,48.12936,-4.4408617
acceleration,228302900,48.129475,-4.441395


acceleration,228051000,48.382572,-4.455098
acceleration,228051000,48.38236,-4.45524


acceleration,228051000,48.379974,-4.483765
acceleration,228051000,48.380123,-4.4839816


acceleration,227635210,48.38324,-4.4956465
acceleration,227635210,48.383045,-4.4956884


acceleration,227319570,48.155193,-4.57595
acceleration,227319570,48.15521,-4.57651


acceleration,227318020,48.147076,-4.5611567
acceleration,227318020,48.147114,-4.561685


acceleration,227318020,48.14871,-4.5850883
acceleration,227318020,48.148766,-4.5855284


acceleration,227635210,48.28431,-4.4142666
acceleration,227635210,48.284428,-4.4143934


acceleration,227635210,48.284428,-4.4143934
acceleration,227635210,48.284805,-4.4145885


acceleration,227318020,48.149414,-4.6018867
acceleration,227318020,48.149414,-4.6024485


acceleration,227319570,48.172432,-4.640105
acceleration,227319570,48.172653,-4.640505


acceleration,227319570,48.187275,-4.66761
acceleration,227319570,48.187515,-4.668102


acceleration,227319570,48.19643,-4.6855636
acceleration,227319570,48.196686,-4.686032


acceleration,227635210,48.295765,-4.5119367
acceleration,227635210,48.295918,-4.511823


acceleration,227635210,48.296047,-4.5115633
acceleration,227635210,48.296135,-4.5109735


acceleration,227635210,48.296135,-4.5109735
acceleration,227635210,48.296207,-4.5103116


acceleration,226318000,48.2465,-4.7613316
acceleration,226318000,48.246334,-4.7613316


acceleration,227319570,48.220394,-4.7129383
acceleration,227319570,48.220688,-4.7132483


acceleration,227318020,48.113808,-4.5667367
acceleration,227318020,48.113728,-4.5662684


acceleration,228208800,48.19556,-4.767793
acceleration,228208800,48.195766,-4.7683835


acceleration,227319570,48.24332,-4.733635
acceleration,227319570,48.243694,-4.734


acceleration,228144000,48.175327,-4.591202
acceleration,228144000,48.175686,-4.5909715


acceleration,227319570,48.254715,-4.754133
acceleration,227319570,48.25452,-4.7547035


acceleration,228144000,48.185993,-4.594488
acceleration,228144000,48.185825,-4.5949965


acceleration,227319570,48.25088,-4.759505
acceleration,227319570,48.250633,-4.759917


acceleration,227319570,48.239048,-4.7751884
acceleration,227319570,48.238636,-4.775163


acceleration,228037700,48.196045,-4.7803335
acceleration,228037700,48.196,-4.780958


acceleration,228144000,48.1546,-4.56749
acceleration,228144000,48.15452,-4.566923


acceleration,228144000,48.154335,-4.564035
acceleration,228144000,48.154297,-4.5635333


acceleration,228144000,48.154285,-4.562355
acceleration,228144000,48.154274,-4.561772


acceleration,226318000,47.988,-4.7329984
acceleration,226318000,47.9878,-4.7329483


acceleration,228302900,48.15876,-4.577443
acceleration,228302900,48.158672,-4.576802


acceleration,228144000,48.15321,-4.5321083
acceleration,228144000,48.15322,-4.5315685


acceleration,227319570,48.18939,-4.7816534
acceleration,227319570,48.18941,-4.7810283


acceleration,228144000,48.153145,-4.5278134
acceleration,228144000,48.153145,-4.52716


acceleration,228144000,48.153088,-4.5234885
acceleration,228144000,48.15304,-4.52284


acceleration,228144000,48.152866,-4.5190735
acceleration,228144000,48.152855,-4.51844


acceleration,228293000,48.15635,-4.581782
acceleration,228293000,48.156185,-4.581032


acceleration,228293000,48.1561,-4.580715
acceleration,228293000,48.155933,-4.5800815


acceleration,228037700,48.18865,-4.780145
acceleration,228037700,48.18881,-4.78015


acceleration,228037700,48.18881,-4.78015
acceleration,228037700,48.18908,-4.780205


acceleration,228037700,48.205513,-4.784395
acceleration,228037700,48.20559,-4.7836666


acceleration,228037700,48.205612,-4.7802167
acceleration,228037700,48.205368,-4.7797318


acceleration,227635680,48.08154,-4.653983
acceleration,227635680,48.08152,-4.653342


acceleration,228037700,48.19656,-4.7747536
acceleration,228037700,48.19639,-4.77524


acceleration,227635680,48.081135,-4.634508
acceleration,227635680,48.081154,-4.6339383


acceleration,228144000,48.150974,-4.366063
acceleration,228144000,48.15117,-4.3654785


acceleration,228208800,48.15798,-4.6723285
acceleration,228208800,48.157787,-4.671705


acceleration,228208800,48.15573,-4.664725
acceleration,228208800,48.155575,-4.6641583


acceleration,228037700,48.188374,-4.7776365
acceleration,228037700,48.18849,-4.777605


acceleration,228037700,48.18849,-4.777605
acceleration,228037700,48.188614,-4.7772017


acceleration,228037700,48.18848,-4.775262
acceleration,228037700,48.18841,-4.774503


acceleration,228037700,48.1845,-4.727165
acceleration,228037700,48.184414,-4.726445


acceleration,228037700,48.179188,-4.685545
acceleration,228037700,48.17908,-4.684915


acceleration,228037700,48.17041,-4.6451335
acceleration,228037700,48.17028,-4.6444435


acceleration,227730220,48.355392,-4.5132585
acceleration,227730220,48.355614,-4.5123315


acceleration,227730220,48.355614,-4.5123315
acceleration,227730220,48.356533,-4.5087566


acceleration,227730220,48.378,-4.4847817
acceleration,227730220,48.37807,-4.484608


acceleration,227730220,48.37807,-4.484608
acceleration,227730220,48.378155,-4.484375


acceleration,228037700,48.155354,-4.5358934
acceleration,228037700,48.15545,-4.5352182


acceleration,228037700,48.157345,-4.518655
acceleration,228037700,48.157425,-4.5179915


acceleration,228302900,48.189125,-4.3347964
acceleration,228302900,48.189198,-4.335008


acceleration,228208800,48.193813,-4.346675
acceleration,228208800,48.194126,-4.3470116


acceleration,228037600,48.194748,-4.3941717
acceleration,228037600,48.19487,-4.3942966


acceleration,228037700,48.195187,-4.390725
acceleration,228037700,48.19524,-4.3911066


acceleration,228037700,48.19524,-4.3911066
acceleration,228037700,48.195175,-4.39156


acceleration,228037700,48.195698,-4.39076
acceleration,228037700,48.195274,-4.39061


acceleration,227635680,48.129227,-4.3285365
acceleration,227635680,48.12906,-4.3284035


acceleration,228037700,48.138702,-4.36057
acceleration,228037700,48.13875,-4.360077


acceleration,228037700,48.140553,-4.357177
acceleration,228037700,48.140446,-4.35701


acceleration,228037700,48.140446,-4.35701
acceleration,228037700,48.14014,-4.35666


acceleration,227314000,48.1347,-4.917825
acceleration,227314000,48.134407,-4.91742


acceleration,227314000,48.12843,-4.9094667
acceleration,227314000,48.12817,-4.9091167


acceleration,227314000,48.06615,-4.8365617
acceleration,227314000,48.06587,-4.835985


acceleration,227314000,48.04302,-4.79458
acceleration,227314000,48.04294,-4.794165


acceleration,226179000,48.115807,-5.0079384
acceleration,226179000,48.11588,-5.0072684


acceleration,226179000,48.11908,-4.91674
acceleration,226179000,48.11915,-4.915945


acceleration,226179000,48.120953,-4.892948
acceleration,226179000,48.120975,-4.892307


acceleration,226179000,48.121326,-4.88619
acceleration,226179000,48.121384,-4.88552


acceleration,226179000,48.12142,-4.88495
acceleration,226179000,48.12144,-4.8841667


acceleration,226179000,48.121506,-4.88279
acceleration,226179000,48.121548,-4.88216


acceleration,226179000,48.12261,-4.868428
acceleration,226179000,48.12261,-4.867698


acceleration,226179000,48.12377,-4.850012
acceleration,226179000,48.123783,-4.849448


acceleration,226179000,48.123905,-4.8466167
acceleration,226179000,48.123905,-4.845852


acceleration,226179000,48.12391,-4.8453283
acceleration,226179000,48.123913,-4.8445034


acceleration,226179000,48.12396,-4.840255
acceleration,226179000,48.12401,-4.8394866


acceleration,226179000,48.122448,-4.80357
acceleration,226179000,48.12243,-4.802837


acceleration,226179000,48.12014,-4.764993
acceleration,226179000,48.120094,-4.764303


acceleration,227705102,48.36348,-4.4915333
acceleration,227705102,48.363354,-4.4916883


acceleration,227635210,48.37772,-4.494177
acceleration,227635210,48.377407,-4.49387


acceleration,227574020,48.295773,-4.5117583
acceleration,227574020,48.29582,-4.5113482


acceleration,227574020,48.29582,-4.5113482
acceleration,227574020,48.29568,-4.509775


acceleration,256765000,48.28068,-4.751098
acceleration,256765000,48.280834,-4.750415


acceleration,227730220,48.339924,-4.559325
acceleration,227730220,48.34001,-4.55891


acceleration,227730220,48.340065,-4.5586333
acceleration,227730220,48.3402,-4.558007


acceleration,227580520,48.285236,-4.4143033
acceleration,227580520,48.285652,-4.4143934


acceleration,227592820,48.305244,-4.4903517
acceleration,227592820,48.30558,-4.4901967


acceleration,227592820,48.30558,-4.4901967
acceleration,227592820,48.306625,-4.489772


acceleration,227705102,48.295887,-4.511337
acceleration,227705102,48.29601,-4.5111585


acceleration,227705102,48.29601,-4.5111585
acceleration,227705102,48.29626,-4.509935


acceleration,227635210,48.295834,-4.5105166
acceleration,227635210,48.295925,-4.510455


acceleration,227635210,48.295925,-4.510455
acceleration,227635210,48.296085,-4.5102835


acceleration,227635210,48.296085,-4.5102835
acceleration,227635210,48.296253,-4.5098267


acceleration,227730220,48.34596,-4.541062
acceleration,227730220,48.346035,-4.541458


acceleration,227730220,48.341805,-4.550525
acceleration,227730220,48.341846,-4.550822


acceleration,227730220,48.3455,-4.5445285
acceleration,227730220,48.345806,-4.5438786


acceleration,227730220,48.348633,-4.53684
acceleration,227730220,48.34884,-4.536247


acceleration,227730220,48.34884,-4.536247
acceleration,227730220,48.349125,-4.535568


acceleration,999999999,48.003647,-4.735298
acceleration,999999999,48.004005,-4.7356367


acceleration,999999999,48.10761,-4.6509566
acceleration,999999999,48.10774,-4.650318


acceleration,999999999,48.1199,-4.5108066
acceleration,999999999,48.119907,-4.5101285


acceleration,999999999,48.11992,-4.5093985
acceleration,999999999,48.11994,-4.5086718


acceleration,227705102,48.2842,-4.416225
acceleration,227705102,48.28424,-4.4160266


acceleration,227705102,48.28464,-4.4143367
acceleration,227705102,48.287487,-4.4137683


acceleration,227705102,48.295868,-4.5115867
acceleration,227705102,48.295994,-4.5113735


acceleration,227705102,48.295994,-4.5113735
acceleration,227705102,48.296165,-4.510043


acceleration,227705102,48.296165,-4.510043
acceleration,227705102,48.296272,-4.5090666


acceleration,227002630,48.082253,-4.6530566
acceleration,227002630,48.08235,-4.652138


acceleration,227635210,48.38367,-4.4954667
acceleration,227635210,48.383545,-4.4955235


acceleration,227705102,48.38237,-4.4965615
acceleration,227705102,48.382187,-4.4967084


acceleration,227705102,48.296394,-4.5125117
acceleration,227705102,48.296265,-4.51231


acceleration,227705102,48.29598,-4.5113583
acceleration,227705102,48.296005,-4.510978


acceleration,227705102,48.296005,-4.510978
acceleration,227705102,48.296013,-4.510215


acceleration,227705102,48.296013,-4.510215
acceleration,227705102,48.29613,-4.509287


acceleration,227635210,48.296497,-4.5114765
acceleration,227635210,48.2964,-4.51132


acceleration,227635210,48.2958,-4.510373
acceleration,227635210,48.29598,-4.510195


acceleration,227635210,48.29598,-4.510195
acceleration,227635210,48.296146,-4.5097966


acceleration,227580520,48.28459,-4.4141
acceleration,227580520,48.284767,-4.41426


acceleration,227580520,48.285282,-4.4144917
acceleration,227580520,48.28639,-4.414375


acceleration,227319570,48.10744,-4.4441967
acceleration,227319570,48.107315,-4.4446282


acceleration,227635210,48.383667,-4.495475
acceleration,227635210,48.38357,-4.495518


acceleration,227635210,48.38238,-4.496015
acceleration,227635210,48.382393,-4.496145


acceleration,227635210,48.37081,-4.489735
acceleration,227635210,48.36857,-4.4886217


acceleration,227635210,48.284378,-4.41445
acceleration,227635210,48.28458,-4.4145184


acceleration,227635210,48.28458,-4.4145184
acceleration,227635210,48.28512,-4.414545


acceleration,227635210,48.296417,-4.512555
acceleration,227635210,48.29634,-4.5124435


acceleration,227635210,48.29574,-4.5115485
acceleration,227635210,48.295933,-4.5113435


acceleration,227635210,48.295933,-4.5113435
acceleration,227635210,48.29612,-4.5107384


acceleration,227635210,48.29612,-4.5107384
acceleration,227635210,48.29652,-4.5076466


acceleration,227635210,48.30614,-4.49013
acceleration,227635210,48.30655,-4.489965


acceleration,227319570,48.12838,-4.341145
acceleration,227319570,48.128185,-4.3415465


acceleration,227319570,48.10117,-4.447447
acceleration,227319570,48.10115,-4.44801


acceleration,227319570,48.11084,-4.3809085
acceleration,227319570,48.110832,-4.380932


acceleration,227730220,48.365574,-4.48957
acceleration,227730220,48.36543,-4.4896884


acceleration,227730220,48.356808,-4.5065665
acceleration,227730220,48.357037,-4.5057235


acceleration,226318000,48.335335,-5.113332
acceleration,226318000,48.335667,-5.113165


acceleration,226318000,48.345165,-5.1103315
acceleration,226318000,48.345333,-5.110165


acceleration,226318000,48.347,-5.109665
acceleration,226318000,48.347168,-5.1094985


acceleration,226318000,48.347168,-5.1094985
acceleration,226318000,48.3475,-5.1094985


acceleration,226318000,48.35367,-5.1073318
acceleration,226318000,48.353832,-5.107165


acceleration,226318000,48.36183,-5.104665
acceleration,226318000,48.362,-5.104665


acceleration,226318000,48.371334,-5.101665
acceleration,226318000,48.3715,-5.101498


acceleration,226318000,48.371666,-5.101498
acceleration,226318000,48.371834,-5.1013317


acceleration,226318000,48.403,-5.0938315
acceleration,226318000,48.40333,-5.093665


acceleration,226318000,48.495,-4.9618316
acceleration,226318000,48.495167,-4.9614983


acceleration,226318000,48.504833,-4.948332
acceleration,226318000,48.505165,-4.948165


acceleration,226318000,48.505165,-4.948165
acceleration,226318000,48.505333,-4.9479985


acceleration,226318000,48.507,-4.945832
acceleration,226318000,48.507168,-4.9454985


acceleration,226318000,48.507168,-4.9454985
acceleration,226318000,48.50733,-4.9453316


acceleration,226318000,48.50733,-4.9453316
acceleration,226318000,48.5075,-4.9449983


acceleration,226318000,48.508667,-4.943498
acceleration,226318000,48.508835,-4.9433317


acceleration,226318000,48.509,-4.943165
acceleration,226318000,48.509167,-4.9428315


acceleration,226318000,48.510666,-4.9409986
acceleration,226318000,48.510834,-4.940665


acceleration,226318000,48.510834,-4.940665
acceleration,226318000,48.511,-4.9404984


acceleration,226318000,48.512333,-4.938832
acceleration,226318000,48.5125,-4.938665


acceleration,226318000,48.515167,-4.935332
acceleration,226318000,48.515335,-4.9349985


acceleration,226318000,48.516666,-4.933165
acceleration,226318000,48.516834,-4.932832


acceleration,226318000,48.5185,-4.9309983
acceleration,226318000,48.518665,-4.9308314


acceleration,227635210,48.382954,-4.4958415
acceleration,227635210,48.383114,-4.495868


acceleration,227635210,48.38331,-4.4955816
acceleration,227635210,48.38346,-4.495525


acceleration,227574020,48.295506,-4.5111365
acceleration,227574020,48.295452,-4.510015


acceleration,227574020,48.295452,-4.510015
acceleration,227574020,48.29544,-4.50903


acceleration,227705102,48.29639,-4.51258
acceleration,227705102,48.296288,-4.5123816


acceleration,227705102,48.295887,-4.5111284
acceleration,227705102,48.296,-4.5106516


acceleration,227635210,48.295906,-4.5104666
acceleration,227635210,48.2961,-4.5102835


acceleration,227635210,48.2961,-4.5102835
acceleration,227635210,48.296356,-4.5096216


acceleration,227635210,48.305355,-4.49084
acceleration,227635210,48.3063,-4.490505


acceleration,227592820,48.303947,-4.48928
acceleration,227592820,48.304848,-4.48873


acceleration,999999999,48.21942,-4.4815784
acceleration,999999999,48.37124,-4.5103717


acceleration,999999999,48.21937,-4.481468
acceleration,999999999,48.37118,-4.5100517


acceleration,999999999,48.219368,-4.4814315
acceleration,999999999,48.371117,-4.509907


acceleration,999999999,48.219353,-4.481408
acceleration,999999999,48.371098,-4.5096684


acceleration,999999999,48.21934,-4.48138
acceleration,999999999,48.371113,-4.5094733


acceleration,999999999,48.219326,-4.48135
acceleration,999999999,48.371025,-4.5092235


acceleration,999999999,48.219307,-4.4813266
acceleration,999999999,48.37098,-4.509003


acceleration,999999999,48.219307,-4.4813166
acceleration,999999999,48.370968,-4.5087233


acceleration,999999999,48.219296,-4.481313
acceleration,999999999,48.370926,-4.508517


acceleration,999999999,48.21928,-4.4812984
acceleration,999999999,48.3709,-4.5082617


acceleration,999999999,48.21928,-4.48129
acceleration,999999999,48.370884,-4.5079966


acceleration,999999999,48.21926,-4.4812784
acceleration,999999999,48.370888,-4.50776


acceleration,999999999,48.219273,-4.481285
acceleration,999999999,48.370922,-4.5072765


acceleration,999999999,48.219276,-4.4812765
acceleration,999999999,48.370945,-4.5071115


acceleration,999999999,48.21929,-4.4812818
acceleration,999999999,48.370995,-4.506885


acceleration,999999999,48.219307,-4.48128
acceleration,999999999,48.37105,-4.50674


acceleration,999999999,48.219345,-4.481295
acceleration,999999999,48.371136,-4.506535


acceleration,999999999,48.21937,-4.48132
acceleration,999999999,48.37121,-4.50636


acceleration,999999999,48.219387,-4.4813766
acceleration,999999999,48.371227,-4.5061617


acceleration,999999999,48.219406,-4.48143
acceleration,999999999,48.371292,-4.5060215


acceleration,999999999,48.21943,-4.4814982
acceleration,999999999,48.37134,-4.50584


acceleration,999999999,48.21945,-4.481557
acceleration,999999999,48.371395,-4.505615


acceleration,999999999,48.21948,-4.4816184
acceleration,999999999,48.371452,-4.5054183


acceleration,999999999,48.219505,-4.4816885
acceleration,999999999,48.37148,-4.50527


acceleration,999999999,48.219547,-4.4817567
acceleration,999999999,48.371567,-4.505007


acceleration,999999999,48.21956,-4.4818134
acceleration,999999999,48.371605,-4.5048018


acceleration,999999999,48.219585,-4.4818816
acceleration,999999999,48.371666,-4.5045085


acceleration,999999999,48.219612,-4.481933
acceleration,999999999,48.371727,-4.5042634


acceleration,999999999,48.219654,-4.4820633
acceleration,999999999,48.371834,-4.5038185


acceleration,999999999,48.219677,-4.4821134
acceleration,999999999,48.371895,-4.50359


acceleration,999999999,48.21969,-4.482197
acceleration,999999999,48.37203,-4.5031486


acceleration,999999999,48.219715,-4.4822636
acceleration,999999999,48.37212,-4.5026717


acceleration,999999999,48.219707,-4.4823184
acceleration,999999999,48.372192,-4.5024433


acceleration,999999999,48.219707,-4.48234
acceleration,999999999,48.372253,-4.502198


acceleration,999999999,48.219715,-4.4823666
acceleration,999999999,48.372345,-4.501827


acceleration,999999999,48.21971,-4.4824
acceleration,999999999,48.372425,-4.5015483


acceleration,999999999,48.219715,-4.4824266
acceleration,999999999,48.37252,-4.5012


acceleration,999999999,48.219715,-4.4824634
acceleration,999999999,48.37266,-4.5005364


acceleration,999999999,48.21972,-4.482468
acceleration,999999999,48.372753,-4.5001783


acceleration,999999999,48.219715,-4.4824715
acceleration,999999999,48.37279,-4.4998283


acceleration,999999999,48.219715,-4.482485
acceleration,999999999,48.37295,-4.4991217


acceleration,999999999,48.21972,-4.48246
acceleration,999999999,48.373028,-4.498735


acceleration,999999999,48.219727,-4.4824433
acceleration,999999999,48.37314,-4.49839


acceleration,999999999,48.219734,-4.4824286
acceleration,999999999,48.37319,-4.4980483


acceleration,999999999,48.219753,-4.482385
acceleration,999999999,48.373257,-4.497635


acceleration,999999999,48.219746,-4.482305
acceleration,999999999,48.373325,-4.4972615


acceleration,999999999,48.21974,-4.4822435
acceleration,999999999,48.3734,-4.4968867


acceleration,999999999,48.2197,-4.4822016
acceleration,999999999,48.37347,-4.4965234


acceleration,999999999,48.21964,-4.48209
acceleration,999999999,48.37361,-4.4958434


acceleration,999999999,48.21963,-4.4820385
acceleration,999999999,48.3737,-4.495465


acceleration,999999999,48.2196,-4.481975
acceleration,999999999,48.373753,-4.495085


acceleration,999999999,48.21957,-4.4818983
acceleration,999999999,48.3738,-4.4948235


acceleration,999999999,48.21956,-4.481828
acceleration,999999999,48.37384,-4.4945216


acceleration,999999999,48.21951,-4.48172
acceleration,999999999,48.37382,-4.4940033


acceleration,999999999,48.21948,-4.48166
acceleration,999999999,48.373814,-4.4937067


acceleration,999999999,48.21945,-4.481585
acceleration,999999999,48.37378,-4.4933968


acceleration,999999999,48.219406,-4.4815035
acceleration,999999999,48.373646,-4.492863


acceleration,999999999,48.219368,-4.481428
acceleration,999999999,48.37343,-4.49231


acceleration,999999999,48.219345,-4.48139
acceleration,999999999,48.3733,-4.4920716


acceleration,999999999,48.219307,-4.4813266
acceleration,999999999,48.372986,-4.491545


acceleration,999999999,48.21929,-4.481312
acceleration,999999999,48.372887,-4.491318


acceleration,999999999,48.219273,-4.48129
acceleration,999999999,48.372707,-4.491125


acceleration,999999999,48.219265,-4.481292
acceleration,999999999,48.37236,-4.4906516


acceleration,999999999,48.219254,-4.481273
acceleration,999999999,48.37216,-4.490442


acceleration,999999999,48.219246,-4.48127
acceleration,999999999,48.37198,-4.490235


acceleration,999999999,48.219254,-4.481285
acceleration,999999999,48.37177,-4.490053


acceleration,999999999,48.21929,-4.481285
acceleration,999999999,48.371387,-4.4897885


acceleration,999999999,48.21932,-4.4812884
acceleration,999999999,48.371162,-4.4896016


acceleration,999999999,48.219368,-4.4813066
acceleration,999999999,48.37093,-4.4894867


acceleration,999999999,48.219387,-4.4813333
acceleration,999999999,48.370735,-4.4893184


acceleration,999999999,48.2194,-4.4813766
acceleration,999999999,48.370502,-4.489185


acceleration,999999999,48.219414,-4.481428
acceleration,999999999,48.37032,-4.4890933


acceleration,999999999,48.219437,-4.4814816
acceleration,999999999,48.370087,-4.4889565


acceleration,999999999,48.21946,-4.4815483
acceleration,999999999,48.369854,-4.488825


acceleration,999999999,48.219486,-4.4816084
acceleration,999999999,48.36957,-4.488695


acceleration,999999999,48.21952,-4.48166
acceleration,999999999,48.36931,-4.4885516


acceleration,999999999,48.21954,-4.4817185
acceleration,999999999,48.369015,-4.48845


acceleration,999999999,48.219555,-4.4817667
acceleration,999999999,48.36877,-4.4883285


acceleration,999999999,48.21958,-4.48182
acceleration,999999999,48.36849,-4.4882135


acceleration,999999999,48.21961,-4.481875
acceleration,999999999,48.368187,-4.4880815


acceleration,999999999,48.219627,-4.48192
acceleration,999999999,48.36784,-4.487945


acceleration,999999999,48.219643,-4.4819865
acceleration,999999999,48.367527,-4.48782


acceleration,999999999,48.21965,-4.482045
acceleration,999999999,48.36722,-4.4877033


acceleration,999999999,48.21966,-4.4821014
acceleration,999999999,48.366947,-4.4875965


acceleration,999999999,48.219666,-4.4821568
acceleration,999999999,48.36662,-4.487465


acceleration,999999999,48.21969,-4.482217
acceleration,999999999,48.3663,-4.487352


acceleration,999999999,48.219692,-4.482295
acceleration,999999999,48.365635,-4.48715


acceleration,999999999,48.2197,-4.4823284
acceleration,999999999,48.365307,-4.4870434


acceleration,999999999,48.21969,-4.482355
acceleration,999999999,48.364956,-4.4869065


acceleration,999999999,48.219692,-4.4823885
acceleration,999999999,48.364674,-4.48682


acceleration,999999999,48.219715,-4.48243
acceleration,999999999,48.364326,-4.4866815


acceleration,999999999,48.219715,-4.48246
acceleration,999999999,48.364067,-4.48657


acceleration,999999999,48.219727,-4.482478
acceleration,999999999,48.363434,-4.48625


acceleration,999999999,48.21972,-4.482485
acceleration,999999999,48.36282,-4.4859133


acceleration,999999999,48.219734,-4.482485
acceleration,999999999,48.361885,-4.485417


acceleration,999999999,48.21973,-4.4824634
acceleration,999999999,48.36163,-4.48525


acceleration,999999999,48.219746,-4.482402
acceleration,999999999,48.360977,-4.4849114


acceleration,999999999,48.219757,-4.482373
acceleration,999999999,48.360645,-4.484743


acceleration,999999999,48.21976,-4.4823217
acceleration,999999999,48.360405,-4.48465


acceleration,999999999,48.21974,-4.482267
acceleration,999999999,48.360054,-4.484492


acceleration,999999999,48.21972,-4.482215
acceleration,999999999,48.35978,-4.4843483


acceleration,999999999,48.21969,-4.48214
acceleration,999999999,48.359447,-4.4841933


acceleration,999999999,48.219666,-4.482082
acceleration,999999999,48.35918,-4.48407


acceleration,999999999,48.219635,-4.4820232
acceleration,999999999,48.35885,-4.4839034


acceleration,999999999,48.21961,-4.4819565
acceleration,999999999,48.35861,-4.483795


acceleration,999999999,48.219593,-4.48189
acceleration,999999999,48.358208,-4.483597


acceleration,999999999,48.21956,-4.48183
acceleration,999999999,48.35787,-4.48344


acceleration,999999999,48.219543,-4.481758
acceleration,999999999,48.35747,-4.483257


acceleration,999999999,48.219513,-4.4816985
acceleration,999999999,48.357113,-4.483102


acceleration,999999999,48.21949,-4.481653
acceleration,999999999,48.3567,-4.482868


acceleration,999999999,48.219463,-4.481613
acceleration,999999999,48.356335,-4.4826865


acceleration,999999999,48.219437,-4.4815664
acceleration,999999999,48.355793,-4.4824634


acceleration,999999999,48.219425,-4.4815335
acceleration,999999999,48.355343,-4.4822764


acceleration,999999999,48.219395,-4.4814835
acceleration,999999999,48.35487,-4.4820466


acceleration,999999999,48.21937,-4.4814467
acceleration,999999999,48.354435,-4.4818616


acceleration,999999999,48.219353,-4.481405
acceleration,999999999,48.35391,-4.481615


acceleration,999999999,48.21934,-4.481382
acceleration,999999999,48.35347,-4.48141


acceleration,999999999,48.219307,-4.481342
acceleration,999999999,48.35242,-4.480962


acceleration,999999999,48.219307,-4.481322
acceleration,999999999,48.3519,-4.4807167


acceleration,999999999,48.2193,-4.481293
acceleration,999999999,48.351444,-4.4805036


acceleration,999999999,48.21928,-4.4812818
acceleration,999999999,48.35086,-4.4801965


acceleration,999999999,48.219246,-4.4812584
acceleration,999999999,48.349792,-4.4796834


acceleration,999999999,48.21927,-4.481243
acceleration,999999999,48.34872,-4.47922


acceleration,999999999,48.21929,-4.48125
acceleration,999999999,48.34825,-4.478998


acceleration,999999999,48.219307,-4.4812717
acceleration,999999999,48.347645,-4.4787216


acceleration,999999999,48.219345,-4.4812684
acceleration,999999999,48.34717,-4.4784784


acceleration,999999999,48.219383,-4.4813185
acceleration,999999999,48.34659,-4.47823


acceleration,999999999,48.2194,-4.481372
acceleration,999999999,48.34604,-4.478017


acceleration,999999999,48.219425,-4.4814534
acceleration,999999999,48.345528,-4.47778


acceleration,999999999,48.219444,-4.48151
acceleration,999999999,48.345005,-4.477568


acceleration,999999999,48.21948,-4.48159
acceleration,999999999,48.344467,-4.4773316


acceleration,999999999,48.219513,-4.481663
acceleration,999999999,48.343945,-4.4770865


acceleration,999999999,48.219532,-4.4817333
acceleration,999999999,48.34339,-4.4768434


acceleration,999999999,48.21956,-4.4817915
acceleration,999999999,48.342857,-4.4766216


acceleration,999999999,48.219578,-4.4818616
acceleration,999999999,48.342285,-4.476373


acceleration,999999999,48.219593,-4.48192
acceleration,999999999,48.34184,-4.4761834


acceleration,999999999,48.219624,-4.481983
acceleration,999999999,48.341286,-4.4759583


acceleration,999999999,48.219646,-4.482045
acceleration,999999999,48.34075,-4.475745


acceleration,999999999,48.219654,-4.48209
acceleration,999999999,48.3402,-4.475507


acceleration,999999999,48.219666,-4.482138
acceleration,999999999,48.3397,-4.4752817


acceleration,999999999,48.21969,-4.482197
acceleration,999999999,48.339123,-4.47507


acceleration,999999999,48.21968,-4.48222
acceleration,999999999,48.33858,-4.47486


acceleration,999999999,48.21968,-4.4822516
acceleration,999999999,48.338104,-4.4746633


acceleration,999999999,48.219692,-4.4823
acceleration,999999999,48.33756,-4.474408


acceleration,999999999,48.2197,-4.4823365
acceleration,999999999,48.336967,-4.47417


acceleration,999999999,48.219704,-4.482362
acceleration,999999999,48.336525,-4.4739933


acceleration,999999999,48.219707,-4.4823885
acceleration,999999999,48.335938,-4.473737


acceleration,999999999,48.21973,-4.4824185
acceleration,999999999,48.33446,-4.4730835


acceleration,999999999,48.21974,-4.4824185
acceleration,999999999,48.33287,-4.472483


acceleration,999999999,48.219738,-4.4823966
acceleration,999999999,48.332348,-4.4724765


acceleration,999999999,48.219734,-4.482373
acceleration,999999999,48.331913,-4.47255


acceleration,999999999,48.21974,-4.4823384
acceleration,999999999,48.3314,-4.4727283


acceleration,999999999,48.219753,-4.482255
acceleration,999999999,48.330505,-4.473397


acceleration,999999999,48.21974,-4.4822035
acceleration,999999999,48.330036,-4.4739


acceleration,999999999,48.21972,-4.4821534
acceleration,999999999,48.329605,-4.4743867


acceleration,999999999,48.21968,-4.482095
acceleration,999999999,48.32926,-4.4748435


acceleration,999999999,48.21966,-4.482032
acceleration,999999999,48.328846,-4.47535


acceleration,999999999,48.219635,-4.4819665
acceleration,999999999,48.328415,-4.4759283


acceleration,999999999,48.219585,-4.4818916
acceleration,999999999,48.328053,-4.4765368


acceleration,999999999,48.219536,-4.48175
acceleration,999999999,48.327305,-4.4777617


acceleration,999999999,48.219513,-4.48169
acceleration,999999999,48.327007,-4.47835


acceleration,999999999,48.21949,-4.481652
acceleration,999999999,48.326706,-4.479037


acceleration,999999999,48.21946,-4.481613
acceleration,999999999,48.32642,-4.4797482


acceleration,999999999,48.21944,-4.4815683
acceleration,999999999,48.32614,-4.4804616


acceleration,999999999,48.21941,-4.481507
acceleration,999999999,48.32585,-4.4812818


acceleration,999999999,48.219383,-4.4814615
acceleration,999999999,48.325546,-4.48194


acceleration,999999999,48.219357,-4.48143
acceleration,999999999,48.325294,-4.482567


acceleration,999999999,48.21934,-4.481398
acceleration,999999999,48.324974,-4.483267


acceleration,999999999,48.219315,-4.4813533
acceleration,999999999,48.324657,-4.48395


acceleration,999999999,48.219288,-4.48133
acceleration,999999999,48.324352,-4.4846516


acceleration,999999999,48.219265,-4.481312
acceleration,999999999,48.32399,-4.4854236


acceleration,999999999,48.219254,-4.481293
acceleration,999999999,48.323715,-4.4860635


acceleration,999999999,48.21923,-4.4812717
acceleration,999999999,48.323395,-4.4867234


acceleration,999999999,48.219227,-4.481263
acceleration,999999999,48.32308,-4.48745


acceleration,999999999,48.219227,-4.481253
acceleration,999999999,48.322758,-4.488125


acceleration,999999999,48.21922,-4.4812384
acceleration,999999999,48.32244,-4.48881


acceleration,999999999,48.21925,-4.481233
acceleration,999999999,48.321445,-4.490915


acceleration,999999999,48.21934,-4.481273
acceleration,999999999,48.320778,-4.4930816


acceleration,999999999,48.219353,-4.4813333
acceleration,999999999,48.320652,-4.4939485


acceleration,999999999,48.219364,-4.4813933
acceleration,999999999,48.320606,-4.494695


acceleration,999999999,48.2194,-4.4814568
acceleration,999999999,48.320652,-4.4956017


acceleration,999999999,48.219475,-4.4815817
acceleration,999999999,48.32094,-4.49714


acceleration,999999999,48.219513,-4.481652
acceleration,999999999,48.321205,-4.4978933


acceleration,999999999,48.219532,-4.4817233
acceleration,999999999,48.32155,-4.4986935


acceleration,999999999,48.219555,-4.481778
acceleration,999999999,48.321907,-4.4993


acceleration,999999999,48.219597,-4.481845
acceleration,999999999,48.322365,-4.499965


acceleration,999999999,48.21961,-4.481907
acceleration,999999999,48.32279,-4.5004535


acceleration,999999999,48.21962,-4.4819584
acceleration,999999999,48.32326,-4.500963


acceleration,999999999,48.21963,-4.4819984
acceleration,999999999,48.323765,-4.5015182


acceleration,999999999,48.21964,-4.4820485
acceleration,999999999,48.32429,-4.502128


acceleration,999999999,48.21966,-4.4820833
acceleration,999999999,48.32474,-4.5026584


acceleration,999999999,48.21967,-4.4821334
acceleration,999999999,48.32526,-4.5032883


acceleration,999999999,48.21968,-4.482168
acceleration,999999999,48.32568,-4.503783


acceleration,999999999,48.21969,-4.4822135
acceleration,999999999,48.32619,-4.504268


acceleration,999999999,48.2197,-4.482255
acceleration,999999999,48.326733,-4.5047584


acceleration,999999999,48.219715,-4.4822865
acceleration,999999999,48.327343,-4.5052085


acceleration,999999999,48.219727,-4.4823165
acceleration,999999999,48.328472,-4.5059714


acceleration,999999999,48.219723,-4.4823666
acceleration,999999999,48.32958,-4.506592


acceleration,999999999,48.21972,-4.4823885
acceleration,999999999,48.330154,-4.5069184


acceleration,999999999,48.219734,-4.4823866
acceleration,999999999,48.330795,-4.50727


acceleration,999999999,48.219727,-4.482402
acceleration,999999999,48.33132,-4.507575


acceleration,999999999,48.219734,-4.4823885
acceleration,999999999,48.33194,-4.5079465


acceleration,999999999,48.21974,-4.482375
acceleration,999999999,48.332493,-4.50824


acceleration,999999999,48.219734,-4.482372
acceleration,999999999,48.333035,-4.5085516


acceleration,999999999,48.21974,-4.482352
acceleration,999999999,48.334274,-4.5092382


acceleration,999999999,48.21974,-4.4823284
acceleration,999999999,48.334793,-4.509558


acceleration,999999999,48.21974,-4.4823
acceleration,999999999,48.33544,-4.5099483


acceleration,999999999,48.219746,-4.482267
acceleration,999999999,48.33597,-4.5102067


acceleration,999999999,48.21974,-4.4822183
acceleration,999999999,48.33656,-4.5105066


acceleration,999999999,48.219707,-4.4821267
acceleration,999999999,48.337868,-4.510925


acceleration,999999999,48.21968,-4.482062
acceleration,999999999,48.33841,-4.511005


acceleration,999999999,48.21966,-4.481993
acceleration,999999999,48.33904,-4.51098


acceleration,999999999,48.21964,-4.4819365
acceleration,999999999,48.339695,-4.510845


acceleration,999999999,48.219593,-4.481805
acceleration,999999999,48.340843,-4.5103683


acceleration,999999999,48.219555,-4.4817467
acceleration,999999999,48.34133,-4.51008


acceleration,999999999,48.219513,-4.4816885
acceleration,999999999,48.341923,-4.50975


acceleration,999999999,48.219498,-4.481642
acceleration,999999999,48.342426,-4.5093164


acceleration,999999999,48.2194,-4.4814916
acceleration,999999999,48.34424,-4.50792


acceleration,999999999,48.21937,-4.48145
acceleration,999999999,48.34474,-4.507447


acceleration,999999999,48.219345,-4.48142
acceleration,999999999,48.345287,-4.5068717


acceleration,999999999,48.219326,-4.481385
acceleration,999999999,48.345734,-4.5064015


acceleration,999999999,48.21931,-4.481362
acceleration,999999999,48.346466,-4.5056434


acceleration,999999999,48.21927,-4.4813285
acceleration,999999999,48.347713,-4.5041785


acceleration,999999999,48.21926,-4.4813066
acceleration,999999999,48.348026,-4.503677


acceleration,999999999,48.219246,-4.48128
acceleration,999999999,48.34825,-4.503327


acceleration,999999999,48.219246,-4.4812684
acceleration,999999999,48.348785,-4.5024633


acceleration,999999999,48.21926,-4.481275
acceleration,999999999,48.349407,-4.50152


acceleration,999999999,48.219265,-4.4812665
acceleration,999999999,48.349625,-4.501115


acceleration,999999999,48.219265,-4.4812684
acceleration,999999999,48.350155,-4.50024


acceleration,999999999,48.219265,-4.4812665
acceleration,999999999,48.35074,-4.49932


acceleration,999999999,48.2193,-4.481285
acceleration,999999999,48.35096,-4.4989467


acceleration,999999999,48.219326,-4.4812984
acceleration,999999999,48.351467,-4.498027


acceleration,999999999,48.219364,-4.48131
acceleration,999999999,48.352047,-4.497095


acceleration,999999999,48.21938,-4.481342
acceleration,999999999,48.352592,-4.4962134


acceleration,999999999,48.219387,-4.4813933
acceleration,999999999,48.352806,-4.4958467


acceleration,999999999,48.219433,-4.4815135
acceleration,999999999,48.35354,-4.494465


acceleration,999999999,48.21946,-4.4815784
acceleration,999999999,48.35396,-4.4934783


acceleration,999999999,48.219494,-4.4816365
acceleration,999999999,48.35434,-4.4923067


acceleration,999999999,48.21951,-4.4816866
acceleration,999999999,48.35456,-4.4912086


acceleration,999999999,48.219532,-4.48175
acceleration,999999999,48.35458,-4.4907618


acceleration,999999999,48.21956,-4.481815
acceleration,999999999,48.35469,-4.48954


acceleration,999999999,48.21958,-4.4818683
acceleration,999999999,48.35472,-4.4890733


acceleration,999999999,48.219593,-4.481917
acceleration,999999999,48.354767,-4.487262


acceleration,999999999,48.219624,-4.4820232
acceleration,999999999,48.35478,-4.4861484


acceleration,999999999,48.219635,-4.482072
acceleration,999999999,48.354763,-4.4849715


acceleration,999999999,48.219643,-4.48212
acceleration,999999999,48.354763,-4.48374


acceleration,999999999,48.219658,-4.48217
acceleration,999999999,48.354767,-4.483155


acceleration,999999999,48.219666,-4.482205
acceleration,999999999,48.354748,-4.4820886


acceleration,999999999,48.219666,-4.482247
acceleration,999999999,48.35465,-4.4808416


acceleration,999999999,48.21968,-4.4822865
acceleration,999999999,48.354553,-4.4803867


acceleration,999999999,48.21968,-4.4823084
acceleration,999999999,48.3543,-4.4794316


acceleration,999999999,48.21969,-4.482325
acceleration,999999999,48.35392,-4.4785833


acceleration,999999999,48.219704,-4.4823465
acceleration,999999999,48.35372,-4.478255


acceleration,999999999,48.219707,-4.4823685
acceleration,999999999,48.353313,-4.4777384


acceleration,999999999,48.219715,-4.4823785
acceleration,999999999,48.35284,-4.4773016


acceleration,999999999,48.21972,-4.48238
acceleration,999999999,48.352634,-4.477172


acceleration,999999999,48.21971,-4.4823985
acceleration,999999999,48.35158,-4.4767985


acceleration,999999999,48.219727,-4.482405
acceleration,999999999,48.351315,-4.4767833


acceleration,999999999,48.21972,-4.482422
acceleration,999999999,48.350273,-4.4770417


acceleration,999999999,48.219715,-4.4824085
acceleration,999999999,48.350082,-4.477178


acceleration,999999999,48.219727,-4.482372
acceleration,999999999,48.349228,-4.4780216


acceleration,999999999,48.219734,-4.482355
acceleration,999999999,48.349022,-4.478345


acceleration,999999999,48.21975,-4.4823217
acceleration,999999999,48.34867,-4.4788866


acceleration,999999999,48.219753,-4.4822965
acceleration,999999999,48.34828,-4.4795084


acceleration,999999999,48.219753,-4.4822683
acceleration,999999999,48.34812,-4.4798465


acceleration,999999999,48.21975,-4.482227
acceleration,999999999,48.34784,-4.480427


acceleration,999999999,48.21973,-4.482188
acceleration,999999999,48.347473,-4.4810734


acceleration,999999999,48.219707,-4.4821315
acceleration,999999999,48.34727,-4.481445


acceleration,999999999,48.219692,-4.482072
acceleration,999999999,48.34692,-4.48211


acceleration,999999999,48.219635,-4.4819517
acceleration,999999999,48.346466,-4.4829416


acceleration,999999999,48.21958,-4.4818134
acceleration,999999999,48.345654,-4.4845033


acceleration,999999999,48.219547,-4.481745
acceleration,999999999,48.345337,-4.48506


acceleration,999999999,48.219513,-4.48169
acceleration,999999999,48.345085,-4.4855185


acceleration,999999999,48.219486,-4.4816585
acceleration,999999999,48.34472,-4.486065


acceleration,999999999,48.2194,-4.4815116
acceleration,999999999,48.34372,-4.4873567


acceleration,999999999,48.21937,-4.481465
acceleration,999999999,48.343338,-4.487798


acceleration,999999999,48.21936,-4.4814315
acceleration,999999999,48.343052,-4.488145


acceleration,999999999,48.219337,-4.481405
acceleration,999999999,48.342632,-4.488565


acceleration,999999999,48.2193,-4.4813685
acceleration,999999999,48.34186,-4.489217


acceleration,999999999,48.21929,-4.48134
acceleration,999999999,48.3415,-4.4895635


acceleration,999999999,48.21928,-4.481293
acceleration,999999999,48.341118,-4.489985


acceleration,999999999,48.219273,-4.48128
acceleration,999999999,48.340336,-4.490685


acceleration,999999999,48.219257,-4.4812565
acceleration,999999999,48.33996,-4.491045


acceleration,999999999,48.21926,-4.4812484
acceleration,999999999,48.339607,-4.491397


acceleration,999999999,48.21927,-4.481235
acceleration,999999999,48.338905,-4.4921465


acceleration,999999999,48.219265,-4.4812417
acceleration,999999999,48.338566,-4.49249


acceleration,999999999,48.21929,-4.481243
acceleration,999999999,48.338196,-4.4928484


acceleration,999999999,48.219334,-4.4812684
acceleration,999999999,48.33778,-4.4932785


acceleration,999999999,48.21936,-4.4813166
acceleration,999999999,48.337425,-4.49371


acceleration,999999999,48.21937,-4.481375
acceleration,999999999,48.33685,-4.494725


acceleration,999999999,48.2194,-4.4814367
acceleration,999999999,48.33663,-4.49524


acceleration,999999999,48.219433,-4.4815035
acceleration,999999999,48.336388,-4.4958067


acceleration,999999999,48.219482,-4.481615
acceleration,999999999,48.336105,-4.496435


acceleration,999999999,48.219513,-4.4816666
acceleration,999999999,48.335857,-4.497015


acceleration,999999999,48.21953,-4.4817367
acceleration,999999999,48.335392,-4.498242


acceleration,999999999,48.219547,-4.4818015
acceleration,999999999,48.335163,-4.498765


acceleration,999999999,48.21958,-4.48187
acceleration,999999999,48.334915,-4.49936


acceleration,999999999,48.219612,-4.481983
acceleration,999999999,48.33438,-4.50058


acceleration,999999999,48.219643,-4.48204
acceleration,999999999,48.3341,-4.50114


acceleration,999999999,48.21966,-4.48209
acceleration,999999999,48.33386,-4.501702


acceleration,999999999,48.219673,-4.4821367
acceleration,999999999,48.33365,-4.502227


acceleration,999999999,48.219673,-4.4821715
acceleration,999999999,48.333447,-4.5028367


acceleration,999999999,48.21969,-4.4822135
acceleration,999999999,48.333252,-4.503528


acceleration,999999999,48.2197,-4.482275
acceleration,999999999,48.33306,-4.5048585


acceleration,999999999,48.219707,-4.4823165
acceleration,999999999,48.333057,-4.5055485


acceleration,999999999,48.219715,-4.482355
acceleration,999999999,48.333073,-4.506175


acceleration,999999999,48.219723,-4.482362
acceleration,999999999,48.333157,-4.5068765


acceleration,999999999,48.21972,-4.4823666
acceleration,999999999,48.333305,-4.507605


acceleration,999999999,48.219746,-4.482372
acceleration,999999999,48.333748,-4.5089765


acceleration,999999999,48.219746,-4.4823933
acceleration,999999999,48.334007,-4.5095234


acceleration,999999999,48.21974,-4.4824133
acceleration,999999999,48.334663,-4.510585


acceleration,999999999,48.219746,-4.4824085
acceleration,999999999,48.3351,-4.5111217


acceleration,999999999,48.21976,-4.482385
acceleration,999999999,48.33592,-4.511922


acceleration,999999999,48.219746,-4.482363
acceleration,999999999,48.33679,-4.512585


acceleration,999999999,48.219746,-4.482335
acceleration,999999999,48.337185,-4.51289


acceleration,999999999,48.219753,-4.4822516
acceleration,999999999,48.337795,-4.513395


acceleration,999999999,48.219707,-4.482165
acceleration,999999999,48.33866,-4.5141416


acceleration,999999999,48.219677,-4.4820886
acceleration,999999999,48.339565,-4.514923


acceleration,999999999,48.219646,-4.482022
acceleration,999999999,48.33994,-4.515235


acceleration,999999999,48.21962,-4.481885
acceleration,999999999,48.3405,-4.51572


acceleration,999999999,48.219555,-4.4817667
acceleration,999999999,48.341427,-4.5165534


acceleration,999999999,48.21952,-4.4817033
acceleration,999999999,48.34236,-4.517367


acceleration,999999999,48.219486,-4.4816465
acceleration,999999999,48.34274,-4.517685


acceleration,999999999,48.21946,-4.48159
acceleration,999999999,48.343315,-4.518175


acceleration,999999999,48.219395,-4.481455
acceleration,999999999,48.34425,-4.519055


acceleration,999999999,48.21937,-4.4814134
acceleration,999999999,48.345173,-4.519885


acceleration,999999999,48.21934,-4.4813886
acceleration,999999999,48.345554,-4.5202265


acceleration,999999999,48.2193,-4.481325
acceleration,999999999,48.346565,-4.521145


acceleration,999999999,48.21928,-4.4812717
acceleration,999999999,48.34708,-4.52159


acceleration,999999999,48.21926,-4.48126
acceleration,999999999,48.348114,-4.52226


acceleration,999999999,48.21925,-4.481243
acceleration,999999999,48.348526,-4.5224867


acceleration,999999999,48.21923,-4.4812217
acceleration,999999999,48.34916,-4.5227466


acceleration,999999999,48.21924,-4.4812117
acceleration,999999999,48.35021,-4.5229416


acceleration,999999999,48.21925,-4.481205
acceleration,999999999,48.350735,-4.5229216


acceleration,999999999,48.21926,-4.4812284
acceleration,999999999,48.351665,-4.5227


acceleration,999999999,48.21929,-4.48123
acceleration,999999999,48.352207,-4.522393


acceleration,999999999,48.21932,-4.481263
acceleration,999999999,48.35261,-4.52212


acceleration,999999999,48.219345,-4.481292
acceleration,999999999,48.35301,-4.521685


acceleration,999999999,48.219395,-4.4814067
acceleration,999999999,48.35335,-4.521235


acceleration,999999999,48.219425,-4.48148
acceleration,999999999,48.353786,-4.520272


acceleration,999999999,48.219456,-4.48155
acceleration,999999999,48.353966,-4.51961


acceleration,999999999,48.21948,-4.4815965
acceleration,999999999,48.354126,-4.519065


acceleration,999999999,48.2195,-4.481643
acceleration,999999999,48.354225,-4.518427


acceleration,999999999,48.21953,-4.481702
acceleration,999999999,48.35435,-4.51787


acceleration,999999999,48.219555,-4.481748
acceleration,999999999,48.35449,-4.517195


acceleration,999999999,48.219585,-4.481808
acceleration,999999999,48.354584,-4.51669


acceleration,999999999,48.219604,-4.481857
acceleration,999999999,48.354725,-4.515875


acceleration,999999999,48.21962,-4.4819083
acceleration,999999999,48.354847,-4.51531


acceleration,999999999,48.219646,-4.48195
acceleration,999999999,48.35499,-4.514593


acceleration,999999999,48.21966,-4.48198
acceleration,999999999,48.35507,-4.5139885


acceleration,999999999,48.219654,-4.482013
acceleration,999999999,48.355255,-4.513305


acceleration,999999999,48.21966,-4.482062
acceleration,999999999,48.35534,-4.51278


acceleration,999999999,48.21968,-4.482138
acceleration,999999999,48.35548,-4.512


acceleration,999999999,48.2197,-4.48219
acceleration,999999999,48.35573,-4.5103784


acceleration,999999999,48.219715,-4.482247
acceleration,999999999,48.355892,-4.5094266


acceleration,999999999,48.21971,-4.4822617
acceleration,999999999,48.355984,-4.5088534


acceleration,999999999,48.219715,-4.482293
acceleration,999999999,48.35621,-4.507712


acceleration,999999999,48.219738,-4.48231
acceleration,999999999,48.356293,-4.507197


acceleration,999999999,48.219734,-4.4823184
acceleration,999999999,48.35639,-4.506582


acceleration,999999999,48.219738,-4.4823318
acceleration,999999999,48.356472,-4.506125


acceleration,999999999,48.219734,-4.48233
acceleration,999999999,48.356567,-4.505552


acceleration,999999999,48.219738,-4.4823384
acceleration,999999999,48.356655,-4.505005


acceleration,999999999,48.219734,-4.48232
acceleration,999999999,48.356785,-4.5044484


acceleration,999999999,48.219746,-4.48229
acceleration,999999999,48.35689,-4.50397


acceleration,999999999,48.219746,-4.482275
acceleration,999999999,48.356987,-4.5033317


acceleration,999999999,48.21974,-4.482255
acceleration,999999999,48.357033,-4.50277


acceleration,999999999,48.219746,-4.482215
acceleration,999999999,48.3571,-4.5022616


acceleration,999999999,48.21974,-4.4821835
acceleration,999999999,48.357227,-4.5017486


acceleration,999999999,48.21969,-4.4820766
acceleration,999999999,48.357372,-4.5006785


acceleration,999999999,48.219666,-4.482025
acceleration,999999999,48.357464,-4.500125


acceleration,999999999,48.219627,-4.4819083
acceleration,999999999,48.35756,-4.499535


acceleration,999999999,48.219563,-4.481758
acceleration,999999999,48.357796,-4.49795


acceleration,999999999,48.219532,-4.481685
acceleration,999999999,48.357883,-4.497403


acceleration,999999999,48.2195,-4.481645
acceleration,999999999,48.357952,-4.496858


acceleration,999999999,48.219448,-4.48155
acceleration,999999999,48.358063,-4.49628


acceleration,999999999,48.219425,-4.4815035
acceleration,999999999,48.358192,-4.495273


acceleration,999999999,48.2194,-4.4814615
acceleration,999999999,48.35828,-4.494748


acceleration,999999999,48.219364,-4.4814215
acceleration,999999999,48.358368,-4.494205


acceleration,999999999,48.219345,-4.4813914
acceleration,999999999,48.358448,-4.4936867


acceleration,999999999,48.21932,-4.4813266
acceleration,999999999,48.358532,-4.4930816


acceleration,999999999,48.219284,-4.4812865
acceleration,999999999,48.35878,-4.4915


acceleration,999999999,48.219265,-4.48128
acceleration,999999999,48.358852,-4.4909534


acceleration,999999999,48.219246,-4.4812717
acceleration,999999999,48.35893,-4.49041


acceleration,999999999,48.219254,-4.48126
acceleration,999999999,48.35896,-4.489795


acceleration,227592820,48.291225,-4.41214
acceleration,227592820,48.290806,-4.4121666


acceleration,999999999,48.298912,-4.7317266
acceleration,999999999,48.29892,-4.73101


acceleration,227705102,48.284477,-4.4144635
acceleration,227705102,48.284805,-4.4144


acceleration,227705102,48.284805,-4.4144
acceleration,227705102,48.285385,-4.4143333


acceleration,999999999,48.296013,-4.680475
acceleration,999999999,48.295967,-4.679745


acceleration,999999999,48.29604,-4.677685
acceleration,999999999,48.296165,-4.67709


acceleration,227705102,48.296387,-4.512483
acceleration,227705102,48.296207,-4.512185


acceleration,227705102,48.29586,-4.511275
acceleration,227705102,48.296143,-4.51073


acceleration,227705102,48.296143,-4.51073
acceleration,227705102,48.296227,-4.50984


acceleration,228017700,48.318825,-4.7645683
acceleration,228017700,48.318813,-4.7638917


acceleration,228017700,48.319244,-4.7604084
acceleration,228017700,48.31942,-4.7596383


acceleration,228017700,48.32428,-4.73794
acceleration,228017700,48.324326,-4.7372184


acceleration,228017700,48.3244,-4.7360883
acceleration,228017700,48.324448,-4.7353916


acceleration,228017700,48.324406,-4.73423
acceleration,228017700,48.32441,-4.733577


acceleration,228017700,48.324665,-4.726655
acceleration,228017700,48.3247,-4.7259717


acceleration,228017700,48.3249,-4.7235565
acceleration,228017700,48.324974,-4.722815


acceleration,228017700,48.325005,-4.7209935
acceleration,228017700,48.325027,-4.72029


acceleration,228017700,48.325096,-4.7177534
acceleration,228017700,48.325127,-4.71718


acceleration,228017700,48.32636,-4.70357
acceleration,228017700,48.326412,-4.7028465


acceleration,228017700,48.326427,-4.701628
acceleration,228017700,48.326454,-4.700937


acceleration,228017700,48.326393,-4.699
acceleration,228017700,48.3264,-4.6983


acceleration,228017700,48.326427,-4.697115
acceleration,228017700,48.32646,-4.696397


acceleration,228017700,48.326565,-4.694455
acceleration,228017700,48.326607,-4.6938167


acceleration,228017700,48.326607,-4.69256
acceleration,228017700,48.326637,-4.6918483


acceleration,228017700,48.326645,-4.6899767
acceleration,228017700,48.32667,-4.6892567


acceleration,228017700,48.32698,-4.685005
acceleration,228017700,48.327065,-4.6843386


acceleration,228017700,48.32778,-4.6762486
acceleration,228017700,48.32784,-4.6754684


acceleration,228017700,48.32854,-4.6604633
acceleration,228017700,48.328575,-4.65973


acceleration,228017700,48.32856,-4.6585417
acceleration,228017700,48.328613,-4.657895


acceleration,228017700,48.328613,-4.657895
acceleration,228017700,48.32862,-4.657292


acceleration,228017700,48.32863,-4.6561284
acceleration,228017700,48.328693,-4.6553965


acceleration,228017700,48.328693,-4.6553965
acceleration,228017700,48.328716,-4.65459


acceleration,228017700,48.32868,-4.6533985
acceleration,228017700,48.32864,-4.6527166


acceleration,228017700,48.328293,-4.650905
acceleration,228017700,48.328144,-4.650252


acceleration,228017700,48.32728,-4.6348066
acceleration,228017700,48.327374,-4.6342216


acceleration,228017700,48.327427,-4.633098
acceleration,228017700,48.32748,-4.63233


acceleration,228017700,48.327908,-4.62729
acceleration,228017700,48.32804,-4.6266966


acceleration,228017700,48.32804,-4.6266966
acceleration,228017700,48.32824,-4.6259565


acceleration,228017700,48.328693,-4.62424
acceleration,228017700,48.32884,-4.6235585


acceleration,228017700,48.330868,-4.615365
acceleration,228017700,48.331036,-4.6148314


acceleration,228017700,48.338352,-4.5922766
acceleration,228017700,48.33854,-4.5915217


acceleration,228017700,48.342594,-4.5787015
acceleration,228017700,48.342766,-4.577872


acceleration,226179000,48.128765,-4.56126
acceleration,226179000,48.128815,-4.561877


acceleration,226179000,48.12909,-4.5694985
acceleration,226179000,48.129128,-4.5700283


acceleration,226179000,48.12937,-4.578755
acceleration,226179000,48.12943,-4.5792933


acceleration,226179000,48.133095,-4.6276765
acceleration,226179000,48.13312,-4.6281915


acceleration,226179000,48.14625,-4.68652
acceleration,226179000,48.14643,-4.6870284


acceleration,226179000,48.14721,-4.68957
acceleration,226179000,48.14737,-4.69009


acceleration,226179000,48.1475,-4.69055
acceleration,226179000,48.147667,-4.691135


acceleration,226179000,48.151207,-4.701815
acceleration,226179000,48.15132,-4.7022915


acceleration,226179000,48.15201,-4.7049785
acceleration,226179000,48.152153,-4.7054434


acceleration,226179000,48.15576,-4.717438
acceleration,226179000,48.155895,-4.717903


acceleration,226179000,48.160095,-4.731275
acceleration,226179000,48.160286,-4.7317815


acceleration,226179000,48.16292,-4.740403
acceleration,226179000,48.16304,-4.7409115


acceleration,227635210,48.295998,-4.5098333
acceleration,227635210,48.296005,-4.510013


acceleration,226179000,48.170914,-4.7655535
acceleration,226179000,48.171074,-4.7660217


acceleration,227705102,48.295654,-4.511235
acceleration,227705102,48.29578,-4.5110416


acceleration,227705102,48.29578,-4.5110416
acceleration,227705102,48.295925,-4.5104933


acceleration,227635210,48.29579,-4.510655
acceleration,227635210,48.2959,-4.51053


acceleration,227635210,48.2959,-4.51053
acceleration,227635210,48.29604,-4.510228


acceleration,227635210,48.296135,-4.509665
acceleration,227635210,48.296215,-4.50894


acceleration,226179000,48.186836,-4.815028
acceleration,226179000,48.187027,-4.8156


acceleration,227635210,48.306232,-4.490005
acceleration,227635210,48.306602,-4.489935


acceleration,226179000,48.19228,-4.831733
acceleration,226179000,48.19246,-4.832267


acceleration,226179000,48.193535,-4.8352585
acceleration,226179000,48.1937,-4.83572


acceleration,999999999,48.26346,-5.057823
acceleration,999999999,48.26338,-5.057288


acceleration,999999999,48.263287,-5.0567117
acceleration,999999999,48.263195,-5.0561333


acceleration,999999999,48.26084,-5.04343
acceleration,999999999,48.260735,-5.042755


acceleration,227580520,48.284615,-4.41394
acceleration,227580520,48.284885,-4.4140215


acceleration,227580520,48.284885,-4.4140215
acceleration,227580520,48.28531,-4.4140034


acceleration,227580520,48.28531,-4.4140034
acceleration,227580520,48.28588,-4.41392


acceleration,999999999,48.259987,-5.038115
acceleration,999999999,48.259842,-5.037522


acceleration,226179000,48.20191,-4.860337
acceleration,226179000,48.20208,-4.860833


acceleration,999999999,48.25808,-5.027455
acceleration,999999999,48.257965,-5.0268517


acceleration,226179000,48.2053,-4.870993
acceleration,226179000,48.205513,-4.871485


acceleration,999999999,48.256073,-5.017615
acceleration,999999999,48.25596,-5.017027


acceleration,226179000,48.20779,-4.8778067
acceleration,226179000,48.20792,-4.8782816


acceleration,999999999,48.254173,-5.002505
acceleration,999999999,48.254124,-5.001927


acceleration,226179000,48.2148,-4.8999286
acceleration,226179000,48.214985,-4.9004564


acceleration,999999999,48.253605,-4.982345
acceleration,999999999,48.25356,-4.981817


acceleration,999999999,48.25292,-4.97111
acceleration,999999999,48.25288,-4.9705467


acceleration,999999999,48.252018,-4.9479933
acceleration,999999999,48.25202,-4.9474034


acceleration,999999999,48.252033,-4.946715
acceleration,999999999,48.25204,-4.9461617


acceleration,226179000,48.22809,-4.9423532
acceleration,226179000,48.22827,-4.942828


acceleration,999999999,48.2544,-4.933525
acceleration,999999999,48.254475,-4.9329033


acceleration,999999999,48.254528,-4.9322467
acceleration,999999999,48.254593,-4.9316535


acceleration,999999999,48.255013,-4.9252915
acceleration,999999999,48.25504,-4.92465


acceleration,999999999,48.255066,-4.9239864
acceleration,999999999,48.255085,-4.9233217


acceleration,999999999,48.25514,-4.92263
acceleration,999999999,48.255215,-4.921895


acceleration,226179000,48.23376,-4.9603634
acceleration,226179000,48.233963,-4.9609766


acceleration,226179000,48.24226,-4.983822
acceleration,226179000,48.24244,-4.984325


acceleration,999999999,48.259247,-4.887193
acceleration,999999999,48.259388,-4.8866367


acceleration,999999999,48.26235,-4.8688483
acceleration,999999999,48.26248,-4.8682384


acceleration,226179000,48.255108,-5.0155416
acceleration,226179000,48.25532,-5.0159883


acceleration,227635210,48.38318,-4.4956765
acceleration,227635210,48.383045,-4.4957066


acceleration,999999999,48.266945,-4.8442035
acceleration,999999999,48.266987,-4.8436985


acceleration,999999999,48.267105,-4.843195
acceleration,999999999,48.26721,-4.84268


acceleration,999999999,48.268448,-4.83603
acceleration,999999999,48.268513,-4.8354583


acceleration,999999999,48.268635,-4.8347816
acceleration,999999999,48.26874,-4.834212


acceleration,999999999,48.268875,-4.833535
acceleration,999999999,48.26899,-4.83287


acceleration,999999999,48.26973,-4.82853
acceleration,999999999,48.269802,-4.82792


acceleration,999999999,48.26993,-4.82727
acceleration,999999999,48.270035,-4.826637


acceleration,226179000,48.269672,-5.0505066
acceleration,226179000,48.269894,-5.050968


acceleration,999999999,48.271305,-4.8189816
acceleration,999999999,48.271393,-4.8183165


acceleration,999999999,48.2816,-4.7789135
acceleration,999999999,48.281765,-4.778305


acceleration,999999999,48.28504,-4.767075
acceleration,999999999,48.285233,-4.7663817


acceleration,999999999,48.286827,-4.760763
acceleration,999999999,48.28702,-4.760122


acceleration,999999999,48.287235,-4.759465
acceleration,999999999,48.28745,-4.7588115


acceleration,999999999,48.28797,-4.75706
acceleration,999999999,48.28817,-4.7563934


acceleration,227635210,48.284367,-4.4143085
acceleration,227635210,48.28443,-4.414335


acceleration,227635210,48.28443,-4.414335
acceleration,227635210,48.285168,-4.41454


acceleration,999999999,48.301723,-4.70761
acceleration,999999999,48.301884,-4.707102


acceleration,999999999,48.308434,-4.68267
acceleration,999999999,48.308548,-4.682133


acceleration,999999999,48.310604,-4.6747365
acceleration,999999999,48.310734,-4.6741085


acceleration,999999999,48.3109,-4.67351
acceleration,999999999,48.31104,-4.6729236


acceleration,227635210,48.295578,-4.51166
acceleration,227635210,48.295704,-4.5115485


acceleration,227635210,48.295704,-4.5115485
acceleration,227635210,48.29589,-4.511163


acceleration,227635210,48.29589,-4.511163
acceleration,227635210,48.29603,-4.5104785


acceleration,227635210,48.30674,-4.489372
acceleration,227635210,48.30711,-4.4892035


acceleration,227635210,48.3833,-4.4956384
acceleration,227635210,48.3832,-4.4956365


